department,cost_center,allocated_q1,spent_q1,allocated_q2,spent_q2_ytd,variance_q1,variance_q1_pct,primary_owner,budget_status,notes
Engineering,CC-ENG-01,5200000,5487300,5800000,2341000,287300,5.52,Priya Nair,OVER BUDGET,INC-2045 emergency infrastructure costs ($287300)
Finance,CC-FIN-01,2100000,1987400,2100000,890000,-112600,-5.36,Diana Forsythe,UNDER BUDGET,
HR,CC-HR-01,1800000,1791200,1800000,812000,-8800,-0.49,Sarah Mitchell,ON TRACK,
Compliance,CC-COMP-01,950000,987800,1000000,420000,37800,3.98,Alexandra Reeves,SLIGHTLY OVER,GDPR consulting fees
Sales,CC-SALES-01,3200000,3089000,3200000,1487000,-111000,-3.47,James Thornton,UNDER BUDGET,
Operations,CC-OPS-01,2800000,2741000,2800000,1312000,-59000,-2.11,Marcus Bell,ON TRACK,
Marketing,CC-MKT-01,1400000,1392000,1500000,612000,-8000,-0.57,Lisa Chen,ON TRACK,
R&D,CC-RD-01,2600000,2543000,2700000,1102000,-57000,-2.19,Henry Park,ON TRACK,
Corporate,CC-CORP-01,1100000,1087000,1100000,494000,-13000,-1.18,Marcus Whitfield,ON TRACK,
